createTime|dependencyTime|personId|personName|isBlocked|gender|birthday|country|city
1669778874263|0|30786325578345|De Clercq|false|female|597196800000|Libya|Benghazi
1669794979056|0|30786325577996|Frank-Kamenetsky|false|female|890784000000|China|Baoshan
1669856306174|0|30786325578501|Metaxas|false|male|644284800000|Poland|Wroc≈Çaw
1669941679495|0|30786325578447|Olmedo|false|male|930182400000|China|Zhongli
1670232656183|0|30786325578280|Gafita|false|female|611884800000|China|Macau
1670309119917|0|30786325578005|Beatrice Of Saxe-Coburg And Gotha|false|female|751334400000|Thailand|Lampang
1670509475935|0|30786325578303|Lah|false|male|937353600000|United_States|Columbia
1670638940676|0|30786325578096|Porebski|false|male|908323200000|China|Changle
1670714420228|0|30786325578436|Popplewell|false|male|667267200000|Greece|Trikala
1671039330654|0|30786325578328|Drozdova|false|female|891734400000|Philippines|Santa_Rosa
1671400023072|0|30786325578007|Korhut|false|male|328406400000|Malaysia|Kuching
1671500834693|0|30786325578305|Lockwood|false|male|936662400000|Ethiopia|Jimma
1671511249815|0|30786325578380|Lupton|false|female|410400000000|Morocco|Fes
1671685513632|0|30786325577806|Ha|false|female|685929600000|United_States|Cleveland
1672295188888|0|30786325578185|Malmierca-Peoli|false|female|588988800000|India|Bahadurgarh
